[
{
    "fields": {
        "is_cliente": false,
        "nombre": "Juan",
        "correo_electronico": "jperez@hotmail.com",
        "is_active": true,
        "apellido": "P\u00e9rez",
        "calificaciones": [
            6
        ]
    },
    "pk": 2,
    "model": "contactos.contacto"
},
{
    "fields": {
        "is_cliente": false,
        "nombre": "Francisco",
        "correo_electronico": "fgutierrez@gmail.com",
        "is_active": true,
        "apellido": "Torres Gutierrez",
        "calificaciones": [
            8
        ]
    },
    "pk": 3,
    "model": "contactos.contacto"
},
{
    "fields": {
        "is_cliente": false,
        "nombre": "Tom\u00e1s",
        "correo_electronico": "tomasgolo@hotmail.com",
        "is_active": true,
        "apellido": "G\u00f3mez L\u00f3pez",
        "calificaciones": [
            7
        ]
    },
    "pk": 4,
    "model": "contactos.contacto"
},
{
    "fields": {
        "is_cliente": true,
        "nombre": "Federico",
        "correo_electronico": "fvacap@gmail.com",
        "is_active": true,
        "apellido": "Vaca Paz",
        "calificaciones": [
            10
        ]
    },
    "pk": 5,
    "model": "contactos.contacto"
},
{
    "fields": {
        "is_cliente": false,
        "nombre": "Luis Antonio",
        "correo_electronico": "lamr@hotmail.com",
        "is_active": true,
        "apellido": "Mart\u00ednez Rodriguez",
        "calificaciones": [
            7
        ]
    },
    "pk": 6,
    "model": "contactos.contacto"
},
{
    "fields": {
        "is_cliente": false,
        "nombre": "Jaime",
        "correo_electronico": "jamesml@hotmail.com",
        "is_active": true,
        "apellido": "Molina Leal",
        "calificaciones": [
            8
        ]
    },
    "pk": 7,
    "model": "contactos.contacto"
},
{
    "fields": {
        "is_cliente": false,
        "nombre": "Roberto",
        "correo_electronico": "robertgof@yahoo.com.mx",
        "is_active": true,
        "apellido": "G\u00f3mez Fr\u00edas",
        "calificaciones": [
            9
        ]
    },
    "pk": 8,
    "model": "contactos.contacto"
},
{
    "fields": {
        "is_cliente": true,
        "nombre": "Daniel",
        "correo_electronico": "djuarvill@hotmail.com",
        "is_active": true,
        "apellido": "Ju\u00e1rez Villarreal",
        "calificaciones": [
            9
        ]
    },
    "pk": 9,
    "model": "contactos.contacto"
},
{
    "fields": {
        "is_cliente": true,
        "nombre": "Mario",
        "correo_electronico": "marionu@gmail.com",
        "is_active": true,
        "apellido": "Nu\u00f1ez Garc\u00eda",
        "calificaciones": [
            6
        ]
    },
    "pk": 10,
    "model": "contactos.contacto"
},
{
    "fields": {
        "is_cliente": true,
        "nombre": "Fernanda Daniela",
        "correo_electronico": "fdvargas@gmail.com",
        "is_active": true,
        "apellido": "Vargas Herrera",
        "calificaciones": [
            10
        ]
    },
    "pk": 11,
    "model": "contactos.contacto"
},
{
    "fields": {
        "nombre": "Ventas"
    },
    "pk": 1,
    "model": "contactos.area"
},
{
    "fields": {
        "nombre": "Seguridad"
    },
    "pk": 2,
    "model": "contactos.area"
},
{
    "fields": {
        "nombre": "Calidad"
    },
    "pk": 3,
    "model": "contactos.area"
},
{
    "fields": {
        "nombre": "Mercadotecnia"
    },
    "pk": 4,
    "model": "contactos.area"
},
{
    "fields": {
        "nombre": "Producci\u00f3n"
    },
    "pk": 5,
    "model": "contactos.area"
},
{
    "fields": {
        "nombre": "Direcci\u00f3n"
    },
    "pk": 6,
    "model": "contactos.area"
},
{
    "fields": {
        "nombre": "Administraci\u00f3n"
    },
    "pk": 7,
    "model": "contactos.area"
},
{
    "fields": {
        "nombre": "Finanzas"
    },
    "pk": 8,
    "model": "contactos.area"
},
{
    "fields": {
        "vendedor": 2,
        "fecha": "2015-04-01",
        "contacto": 2
    },
    "pk": 1,
    "model": "contactos.atiende"
},
{
    "fields": {
        "vendedor": 3,
        "fecha": "2015-04-01",
        "contacto": 3
    },
    "pk": 2,
    "model": "contactos.atiende"
},
{
    "fields": {
        "vendedor": 4,
        "fecha": "2015-04-01",
        "contacto": 4
    },
    "pk": 3,
    "model": "contactos.atiende"
},
{
    "fields": {
        "vendedor": 2,
        "fecha": "2015-04-01",
        "contacto": 5
    },
    "pk": 4,
    "model": "contactos.atiende"
},
{
    "fields": {
        "vendedor": 3,
        "fecha": "2015-04-01",
        "contacto": 6
    },
    "pk": 5,
    "model": "contactos.atiende"
},
{
    "fields": {
        "vendedor": 4,
        "fecha": "2015-04-01",
        "contacto": 7
    },
    "pk": 6,
    "model": "contactos.atiende"
},
{
    "fields": {
        "vendedor": 2,
        "fecha": "2015-04-01",
        "contacto": 8
    },
    "pk": 7,
    "model": "contactos.atiende"
},
{
    "fields": {
        "vendedor": 3,
        "fecha": "2015-04-01",
        "contacto": 9
    },
    "pk": 8,
    "model": "contactos.atiende"
},
{
    "fields": {
        "vendedor": 4,
        "fecha": "2015-04-01",
        "contacto": 10
    },
    "pk": 9,
    "model": "contactos.atiende"
},
{
    "fields": {
        "vendedor": 2,
        "fecha": "2015-04-01",
        "contacto": 11
    },
    "pk": 10,
    "model": "contactos.atiende"
},
{
    "fields": {
        "calificacion": 1
    },
    "pk": 6,
    "model": "contactos.calificacion"
},
{
    "fields": {
        "calificacion": 2
    },
    "pk": 7,
    "model": "contactos.calificacion"
},
{
    "fields": {
        "calificacion": 3
    },
    "pk": 8,
    "model": "contactos.calificacion"
},
{
    "fields": {
        "calificacion": 4
    },
    "pk": 9,
    "model": "contactos.calificacion"
},
{
    "fields": {
        "calificacion": 5
    },
    "pk": 10,
    "model": "contactos.calificacion"
},
{
    "fields": {
        "nombre": "Oficina"
    },
    "pk": 1,
    "model": "contactos.tiponumerotelefonico"
},
{
    "fields": {
        "nombre": "Celular"
    },
    "pk": 2,
    "model": "contactos.tiponumerotelefonico"
},
{
    "fields": {
        "nombre": "Casa"
    },
    "pk": 3,
    "model": "contactos.tiponumerotelefonico"
},
{
    "fields": {
        "nombre": "Fax"
    },
    "pk": 4,
    "model": "contactos.tiponumerotelefonico"
},
{
    "fields": {
        "nombre": "Otro"
    },
    "pk": 5,
    "model": "contactos.tiponumerotelefonico"
},
{
    "fields": {
        "vendedor": null,
        "numero": 4421199233,
        "is_active": true,
        "empresa": null,
        "tipo_numero": 1,
        "contacto": 2
    },
    "pk": 2,
    "model": "contactos.numerotelefonico"
},
{
    "fields": {
        "vendedor": null,
        "numero": 4422314567,
        "is_active": true,
        "empresa": null,
        "tipo_numero": 2,
        "contacto": 3
    },
    "pk": 3,
    "model": "contactos.numerotelefonico"
},
{
    "fields": {
        "vendedor": null,
        "numero": 4421276345,
        "is_active": true,
        "empresa": null,
        "tipo_numero": 3,
        "contacto": 4
    },
    "pk": 4,
    "model": "contactos.numerotelefonico"
},
{
    "fields": {
        "vendedor": null,
        "numero": 4413324563,
        "is_active": true,
        "empresa": null,
        "tipo_numero": 2,
        "contacto": 5
    },
    "pk": 5,
    "model": "contactos.numerotelefonico"
},
{
    "fields": {
        "vendedor": null,
        "numero": 3321456342,
        "is_active": true,
        "empresa": null,
        "tipo_numero": 2,
        "contacto": 6
    },
    "pk": 6,
    "model": "contactos.numerotelefonico"
},
{
    "fields": {
        "vendedor": null,
        "numero": 5514231425,
        "is_active": true,
        "empresa": null,
        "tipo_numero": 5,
        "contacto": 7
    },
    "pk": 7,
    "model": "contactos.numerotelefonico"
},
{
    "fields": {
        "vendedor": null,
        "numero": 4431253241,
        "is_active": true,
        "empresa": null,
        "tipo_numero": 2,
        "contacto": 8
    },
    "pk": 8,
    "model": "contactos.numerotelefonico"
},
{
    "fields": {
        "vendedor": null,
        "numero": 6631242133,
        "is_active": true,
        "empresa": null,
        "tipo_numero": 1,
        "contacto": 9
    },
    "pk": 9,
    "model": "contactos.numerotelefonico"
},
{
    "fields": {
        "vendedor": null,
        "numero": 4423135243,
        "is_active": true,
        "empresa": null,
        "tipo_numero": 2,
        "contacto": 10
    },
    "pk": 10,
    "model": "contactos.numerotelefonico"
},
{
    "fields": {
        "vendedor": null,
        "numero": 4421253465,
        "is_active": true,
        "empresa": null,
        "tipo_numero": 2,
        "contacto": 11
    },
    "pk": 11,
    "model": "contactos.numerotelefonico"
}
]
