[
{
    "model": "contactos.contacto",
    "pk": 1,
    "fields": {
        "is_active": true,
        "is_cliente": false,
        "nombre": "Alejandro",
        "apellido": "Cassis",
        "calificacion": 3,
        "slug": "alejandro-cassis",
        "correo_electronico": "cassis@gmail.com"
    }
},
{
    "model": "contactos.contacto",
    "pk": 2,
    "fields": {
        "is_active": true,
        "is_cliente": true,
        "nombre": "Eduardo",
        "apellido": "Vaca",
        "calificacion": 2,
        "slug": "eduardo-vaca",
        "correo_electronico": "eduardo@gmail.com"
    }
},
{
    "model": "contactos.contacto",
    "pk": 3,
    "fields": {
        "is_active": true,
        "is_cliente": true,
        "nombre": "Alejandro",
        "apellido": "Rosas",
        "calificacion": 5,
        "slug": "alejandro-rosas",
        "correo_electronico": "ale_rosas@gmail.com"
    }
},
{
    "model": "contactos.contacto",
    "pk": 4,
    "fields": {
        "is_active": true,
        "is_cliente": true,
        "nombre": "Oscar",
        "apellido": "Hern\u00e1ndez",
        "calificacion": 3,
        "slug": "oscar-hernandez",
        "correo_electronico": "oscar@gmail.com"
    }
},
{
    "model": "contactos.contacto",
    "pk": 5,
    "fields": {
        "is_active": true,
        "is_cliente": false,
        "nombre": "Eduardo",
        "apellido": "Corona",
        "calificacion": 5,
        "slug": "eduardo-corona",
        "correo_electronico": "corona@gmail.com"
    }
},
{
    "model": "contactos.contacto",
    "pk": 6,
    "fields": {
        "is_active": true,
        "is_cliente": true,
        "nombre": "Fernando",
        "apellido": "V\u00e1zquez",
        "calificacion": 2,
        "slug": "fernando-vazquez",
        "correo_electronico": "fernando@gmail.com"
    }
},
{
    "model": "contactos.contacto",
    "pk": 7,
    "fields": {
        "is_active": true,
        "is_cliente": true,
        "nombre": "Daniel",
        "apellido": "C\u00e1rdenas",
        "calificacion": 3,
        "slug": "daniel-cardenas",
        "correo_electronico": "danielca@gmail.com"
    }
},
{
    "model": "contactos.contacto",
    "pk": 8,
    "fields": {
        "is_active": true,
        "is_cliente": true,
        "nombre": "Diego",
        "apellido": "Bugallo",
        "calificacion": 2,
        "slug": "diego-bugallo",
        "correo_electronico": "diegobu@gmail.com"
    }
},
{
    "model": "contactos.contacto",
    "pk": 9,
    "fields": {
        "is_active": true,
        "is_cliente": false,
        "nombre": "Pedro",
        "apellido": "P\u00e9rez",
        "calificacion": 2,
        "slug": "pedro-perez",
        "correo_electronico": "pperez@gmail.com"
    }
},
{
    "model": "contactos.contacto",
    "pk": 10,
    "fields": {
        "is_active": true,
        "is_cliente": true,
        "nombre": "Ricardo",
        "apellido": "Cort\u00e9s",
        "calificacion": 3,
        "slug": "ricardo-cortes",
        "correo_electronico": "cortes@gmail.com"
    }
},
{
    "model": "contactos.contacto",
    "pk": 11,
    "fields": {
        "is_active": true,
        "is_cliente": true,
        "nombre": "Christian",
        "apellido": "Solis",
        "calificacion": 3,
        "slug": "christian-solis",
        "correo_electronico": "chrisolis@gmail.com"
    }
},
{
    "model": "contactos.contacto",
    "pk": 12,
    "fields": {
        "is_active": true,
        "is_cliente": true,
        "nombre": "Fernanda",
        "apellido": "Vargas",
        "calificacion": 2,
        "slug": "fernanda-vargas",
        "correo_electronico": "ferva@gmail.com"
    }
},
{
    "model": "contactos.contacto",
    "pk": 13,
    "fields": {
        "is_active": true,
        "is_cliente": false,
        "nombre": "Daniela",
        "apellido": "Vargas",
        "calificacion": 3,
        "slug": "daniela-vargas",
        "correo_electronico": "daniva@gmail.com"
    }
},
{
    "model": "contactos.contacto",
    "pk": 14,
    "fields": {
        "is_active": true,
        "is_cliente": false,
        "nombre": "Mayumi",
        "apellido": "Luque",
        "calificacion": 3,
        "slug": "mayumi-luque",
        "correo_electronico": "mayu@gmail.com"
    }
},
{
    "model": "contactos.contacto",
    "pk": 15,
    "fields": {
        "is_active": true,
        "is_cliente": false,
        "nombre": "Luis Daniel",
        "apellido": "Montes",
        "calificacion": 2,
        "slug": "luis-daniel-montes",
        "correo_electronico": "danielmon@gmail.com"
    }
},
{
    "model": "contactos.contacto",
    "pk": 16,
    "fields": {
        "is_active": true,
        "is_cliente": false,
        "nombre": "Francisco",
        "apellido": "Le\u00f3n",
        "calificacion": 4,
        "slug": "francisco-leon",
        "correo_electronico": "pacoleon@gmail.com"
    }
},
{
    "model": "contactos.contacto",
    "pk": 17,
    "fields": {
        "is_active": true,
        "is_cliente": true,
        "nombre": "Rub\u00e9n",
        "apellido": "Mosqueira",
        "calificacion": 2,
        "slug": "ruben-mosqueira",
        "correo_electronico": "rubs@gmail.com"
    }
},
{
    "model": "contactos.contacto",
    "pk": 18,
    "fields": {
        "is_active": true,
        "is_cliente": true,
        "nombre": "Paola",
        "apellido": "Calder\u00f3n",
        "calificacion": 2,
        "slug": "paola-calderon",
        "correo_electronico": "paola@gmail.com"
    }
},
{
    "model": "contactos.contacto",
    "pk": 19,
    "fields": {
        "is_active": true,
        "is_cliente": true,
        "nombre": "Kevin",
        "apellido": "Dimas",
        "calificacion": 1,
        "slug": "kevin-dimas",
        "correo_electronico": "kevin@gmail.com"
    }
},
{
    "model": "contactos.contacto",
    "pk": 20,
    "fields": {
        "is_active": true,
        "is_cliente": true,
        "nombre": "Gerardo",
        "apellido": "S\u00e1nchez",
        "calificacion": 2,
        "slug": "gerardo-sanchez",
        "correo_electronico": "geraza@gmail.com"
    }
},
{
    "model": "contactos.pertenece",
    "pk": 1,
    "fields": {
        "contacto": 1,
        "fecha": "2015-04-29",
        "area": 1,
        "empresa": 1
    }
},
{
    "model": "contactos.pertenece",
    "pk": 2,
    "fields": {
        "contacto": 2,
        "fecha": "2015-04-29",
        "area": 2,
        "empresa": 2
    }
},
{
    "model": "contactos.pertenece",
    "pk": 3,
    "fields": {
        "contacto": 3,
        "fecha": "2015-04-29",
        "area": 3,
        "empresa": 3
    }
},
{
    "model": "contactos.pertenece",
    "pk": 4,
    "fields": {
        "contacto": 4,
        "fecha": "2015-04-29",
        "area": 5,
        "empresa": 4
    }
},
{
    "model": "contactos.pertenece",
    "pk": 5,
    "fields": {
        "contacto": 5,
        "fecha": "2015-04-29",
        "area": 4,
        "empresa": 7
    }
},
{
    "model": "contactos.pertenece",
    "pk": 6,
    "fields": {
        "contacto": 6,
        "fecha": "2015-04-29",
        "area": 4,
        "empresa": 5
    }
},
{
    "model": "contactos.pertenece",
    "pk": 7,
    "fields": {
        "contacto": 7,
        "fecha": "2015-04-29",
        "area": 3,
        "empresa": 12
    }
},
{
    "model": "contactos.pertenece",
    "pk": 8,
    "fields": {
        "contacto": 8,
        "fecha": "2015-04-29",
        "area": 2,
        "empresa": 11
    }
},
{
    "model": "contactos.pertenece",
    "pk": 9,
    "fields": {
        "contacto": 9,
        "fecha": "2015-04-29",
        "area": 5,
        "empresa": 5
    }
},
{
    "model": "contactos.pertenece",
    "pk": 10,
    "fields": {
        "contacto": 10,
        "fecha": "2015-04-29",
        "area": 4,
        "empresa": 8
    }
},
{
    "model": "contactos.pertenece",
    "pk": 11,
    "fields": {
        "contacto": 11,
        "fecha": "2015-04-29",
        "area": 4,
        "empresa": 8
    }
},
{
    "model": "contactos.pertenece",
    "pk": 12,
    "fields": {
        "contacto": 12,
        "fecha": "2015-04-29",
        "area": 4,
        "empresa": 2
    }
},
{
    "model": "contactos.pertenece",
    "pk": 13,
    "fields": {
        "contacto": 13,
        "fecha": "2015-04-29",
        "area": 4,
        "empresa": 9
    }
},
{
    "model": "contactos.pertenece",
    "pk": 14,
    "fields": {
        "contacto": 14,
        "fecha": "2015-04-29",
        "area": 5,
        "empresa": 6
    }
},
{
    "model": "contactos.pertenece",
    "pk": 15,
    "fields": {
        "contacto": 15,
        "fecha": "2015-04-29",
        "area": 1,
        "empresa": 7
    }
},
{
    "model": "contactos.pertenece",
    "pk": 16,
    "fields": {
        "contacto": 16,
        "fecha": "2015-04-29",
        "area": 3,
        "empresa": 10
    }
},
{
    "model": "contactos.pertenece",
    "pk": 17,
    "fields": {
        "contacto": 17,
        "fecha": "2015-04-29",
        "area": 1,
        "empresa": 7
    }
},
{
    "model": "contactos.pertenece",
    "pk": 18,
    "fields": {
        "contacto": 18,
        "fecha": "2015-04-29",
        "area": 2,
        "empresa": 3
    }
},
{
    "model": "contactos.pertenece",
    "pk": 19,
    "fields": {
        "contacto": 19,
        "fecha": "2015-04-29",
        "area": 1,
        "empresa": 2
    }
},
{
    "model": "contactos.pertenece",
    "pk": 20,
    "fields": {
        "contacto": 20,
        "fecha": "2015-04-29",
        "area": 3,
        "empresa": 6
    }
},
{
    "model": "contactos.area",
    "pk": 1,
    "fields": {
        "nombre": "Ventas"
    }
},
{
    "model": "contactos.area",
    "pk": 2,
    "fields": {
        "nombre": "Mercadotecnia"
    }
},
{
    "model": "contactos.area",
    "pk": 3,
    "fields": {
        "nombre": "Dise\u00f1o"
    }
},
{
    "model": "contactos.area",
    "pk": 4,
    "fields": {
        "nombre": "Manufactura"
    }
},
{
    "model": "contactos.area",
    "pk": 5,
    "fields": {
        "nombre": "Finanzas"
    }
},
{
    "model": "contactos.atiende",
    "pk": 1,
    "fields": {
        "contacto": 1,
        "fecha": "2015-04-29",
        "vendedor": 1
    }
},
{
    "model": "contactos.atiende",
    "pk": 2,
    "fields": {
        "contacto": 2,
        "fecha": "2015-04-29",
        "vendedor": 1
    }
},
{
    "model": "contactos.atiende",
    "pk": 3,
    "fields": {
        "contacto": 3,
        "fecha": "2015-04-29",
        "vendedor": 1
    }
},
{
    "model": "contactos.atiende",
    "pk": 4,
    "fields": {
        "contacto": 4,
        "fecha": "2015-04-29",
        "vendedor": 1
    }
},
{
    "model": "contactos.atiende",
    "pk": 5,
    "fields": {
        "contacto": 5,
        "fecha": "2015-04-29",
        "vendedor": 1
    }
},
{
    "model": "contactos.atiende",
    "pk": 6,
    "fields": {
        "contacto": 6,
        "fecha": "2015-04-29",
        "vendedor": 1
    }
},
{
    "model": "contactos.atiende",
    "pk": 7,
    "fields": {
        "contacto": 7,
        "fecha": "2015-04-29",
        "vendedor": 1
    }
},
{
    "model": "contactos.atiende",
    "pk": 8,
    "fields": {
        "contacto": 8,
        "fecha": "2015-04-29",
        "vendedor": 1
    }
},
{
    "model": "contactos.atiende",
    "pk": 9,
    "fields": {
        "contacto": 9,
        "fecha": "2015-04-29",
        "vendedor": 1
    }
},
{
    "model": "contactos.atiende",
    "pk": 10,
    "fields": {
        "contacto": 10,
        "fecha": "2015-04-29",
        "vendedor": 1
    }
},
{
    "model": "contactos.atiende",
    "pk": 11,
    "fields": {
        "contacto": 11,
        "fecha": "2015-04-29",
        "vendedor": 2
    }
},
{
    "model": "contactos.atiende",
    "pk": 12,
    "fields": {
        "contacto": 12,
        "fecha": "2015-04-29",
        "vendedor": 2
    }
},
{
    "model": "contactos.atiende",
    "pk": 13,
    "fields": {
        "contacto": 13,
        "fecha": "2015-04-29",
        "vendedor": 2
    }
},
{
    "model": "contactos.atiende",
    "pk": 14,
    "fields": {
        "contacto": 14,
        "fecha": "2015-04-29",
        "vendedor": 2
    }
},
{
    "model": "contactos.atiende",
    "pk": 15,
    "fields": {
        "contacto": 15,
        "fecha": "2015-04-29",
        "vendedor": 2
    }
},
{
    "model": "contactos.atiende",
    "pk": 16,
    "fields": {
        "contacto": 16,
        "fecha": "2015-04-29",
        "vendedor": 2
    }
},
{
    "model": "contactos.atiende",
    "pk": 17,
    "fields": {
        "contacto": 17,
        "fecha": "2015-04-29",
        "vendedor": 2
    }
},
{
    "model": "contactos.atiende",
    "pk": 18,
    "fields": {
        "contacto": 18,
        "fecha": "2015-04-29",
        "vendedor": 2
    }
},
{
    "model": "contactos.atiende",
    "pk": 19,
    "fields": {
        "contacto": 19,
        "fecha": "2015-04-29",
        "vendedor": 2
    }
},
{
    "model": "contactos.atiende",
    "pk": 20,
    "fields": {
        "contacto": 20,
        "fecha": "2015-04-29",
        "vendedor": 2
    }
},
{
    "model": "contactos.calificacion",
    "pk": 1,
    "fields": {
        "calificacion": 1
    }
},
{
    "model": "contactos.calificacion",
    "pk": 2,
    "fields": {
        "calificacion": 2
    }
},
{
    "model": "contactos.calificacion",
    "pk": 3,
    "fields": {
        "calificacion": 3
    }
},
{
    "model": "contactos.calificacion",
    "pk": 4,
    "fields": {
        "calificacion": 4
    }
},
{
    "model": "contactos.calificacion",
    "pk": 5,
    "fields": {
        "calificacion": 5
    }
},
{
    "model": "contactos.nota",
    "pk": 1,
    "fields": {
        "descripcion": "Le gusta el chicken bake, tomar en cuenta para dotaci\u00f3n de chicken bake",
        "contacto": 1,
        "is_active": true,
        "clasificacion": 2
    }
},
{
    "model": "contactos.nota",
    "pk": 2,
    "fields": {
        "descripcion": "Paga a tiempo, tomar en cuenta para futuras ventas",
        "contacto": 1,
        "is_active": true,
        "clasificacion": 3
    }
},
{
    "model": "contactos.recordatorio",
    "pk": 1,
    "fields": {
        "descripcion": "Llamar sobre x ",
        "fecha": "2015-05-06T05:00:00Z",
        "is_active": true,
        "contacto": 5,
        "urgencia": 2
    }
},
{
    "model": "contactos.tiponumerotelefonico",
    "pk": 1,
    "fields": {
        "nombre": "Oficina"
    }
},
{
    "model": "contactos.tiponumerotelefonico",
    "pk": 2,
    "fields": {
        "nombre": "Casa"
    }
},
{
    "model": "contactos.tiponumerotelefonico",
    "pk": 3,
    "fields": {
        "nombre": "Celular"
    }
},
{
    "model": "contactos.tiponumerotelefonico",
    "pk": 4,
    "fields": {
        "nombre": "Fax"
    }
},
{
    "model": "contactos.numerotelefonico",
    "pk": 1,
    "fields": {
        "numero": 5556789034,
        "contacto": 2,
        "tipo_numero": 2,
        "vendedor": null,
        "is_active": true,
        "empresa": null
    }
},
{
    "model": "contactos.numerotelefonico",
    "pk": 2,
    "fields": {
        "numero": 4427906518,
        "contacto": 3,
        "tipo_numero": 1,
        "vendedor": null,
        "is_active": true,
        "empresa": null
    }
},
{
    "model": "contactos.numerotelefonico",
    "pk": 3,
    "fields": {
        "numero": 4423891678,
        "contacto": 4,
        "tipo_numero": 4,
        "vendedor": null,
        "is_active": true,
        "empresa": null
    }
},
{
    "model": "contactos.numerotelefonico",
    "pk": 4,
    "fields": {
        "numero": 4423568912,
        "contacto": 5,
        "tipo_numero": 3,
        "vendedor": null,
        "is_active": true,
        "empresa": null
    }
},
{
    "model": "contactos.numerotelefonico",
    "pk": 5,
    "fields": {
        "numero": 4427896517,
        "contacto": 6,
        "tipo_numero": 1,
        "vendedor": null,
        "is_active": true,
        "empresa": null
    }
},
{
    "model": "contactos.numerotelefonico",
    "pk": 6,
    "fields": {
        "numero": 4418972638,
        "contacto": 7,
        "tipo_numero": 4,
        "vendedor": null,
        "is_active": true,
        "empresa": null
    }
},
{
    "model": "contactos.numerotelefonico",
    "pk": 7,
    "fields": {
        "numero": 3378192746,
        "contacto": 8,
        "tipo_numero": 2,
        "vendedor": null,
        "is_active": true,
        "empresa": null
    }
},
{
    "model": "contactos.numerotelefonico",
    "pk": 8,
    "fields": {
        "numero": 4418927384,
        "contacto": 9,
        "tipo_numero": 3,
        "vendedor": null,
        "is_active": true,
        "empresa": null
    }
},
{
    "model": "contactos.numerotelefonico",
    "pk": 9,
    "fields": {
        "numero": 4428971637,
        "contacto": 10,
        "tipo_numero": 3,
        "vendedor": null,
        "is_active": true,
        "empresa": null
    }
},
{
    "model": "contactos.numerotelefonico",
    "pk": 10,
    "fields": {
        "numero": 4418927384,
        "contacto": 11,
        "tipo_numero": 2,
        "vendedor": null,
        "is_active": true,
        "empresa": null
    }
},
{
    "model": "contactos.numerotelefonico",
    "pk": 11,
    "fields": {
        "numero": 4429082746,
        "contacto": 12,
        "tipo_numero": 3,
        "vendedor": null,
        "is_active": true,
        "empresa": null
    }
},
{
    "model": "contactos.numerotelefonico",
    "pk": 12,
    "fields": {
        "numero": 4427816243,
        "contacto": 13,
        "tipo_numero": 2,
        "vendedor": null,
        "is_active": true,
        "empresa": null
    }
},
{
    "model": "contactos.numerotelefonico",
    "pk": 13,
    "fields": {
        "numero": 44255667788,
        "contacto": 14,
        "tipo_numero": 1,
        "vendedor": null,
        "is_active": true,
        "empresa": null
    }
},
{
    "model": "contactos.numerotelefonico",
    "pk": 14,
    "fields": {
        "numero": 4421784699,
        "contacto": 15,
        "tipo_numero": 2,
        "vendedor": null,
        "is_active": true,
        "empresa": null
    }
},
{
    "model": "contactos.numerotelefonico",
    "pk": 15,
    "fields": {
        "numero": 4427896716,
        "contacto": 16,
        "tipo_numero": 1,
        "vendedor": null,
        "is_active": true,
        "empresa": null
    }
},
{
    "model": "contactos.numerotelefonico",
    "pk": 16,
    "fields": {
        "numero": 4421894758,
        "contacto": 17,
        "tipo_numero": 1,
        "vendedor": null,
        "is_active": true,
        "empresa": null
    }
},
{
    "model": "contactos.numerotelefonico",
    "pk": 17,
    "fields": {
        "numero": 4428917283,
        "contacto": 18,
        "tipo_numero": 2,
        "vendedor": null,
        "is_active": true,
        "empresa": null
    }
},
{
    "model": "contactos.numerotelefonico",
    "pk": 18,
    "fields": {
        "numero": 4421827474,
        "contacto": 19,
        "tipo_numero": 1,
        "vendedor": null,
        "is_active": true,
        "empresa": null
    }
},
{
    "model": "contactos.numerotelefonico",
    "pk": 19,
    "fields": {
        "numero": 44172839371,
        "contacto": 20,
        "tipo_numero": 2,
        "vendedor": null,
        "is_active": true,
        "empresa": null
    }
}
]
